country,artist,title,submitter,ro
United States,The Brian Setzer Orchestra,Caravan,Groot's Grandma,1
Malaysia,Yusef Kifah,Exolektra,TMG,2
United States,Vasudeva,Take Away,Eljest,3
France,Space,Magic Fly,David,4
India,Jatin-Lalit,Rhythms of Mohabbatein,Ajeeb Aalu,5
Portugal,Dead Combo,Povo Que Cais Descalço,Carla,6
United States,Joe Satriani,If I Could Fly,Packerp,7
Greece,Vangelis,FIFA World Cup 2002 Anthem,Alexistyping,8
United Kingdom,Mike Oldfield,The Song of the Sun,Kriszna,9
United States,Pedro Silva,Final Duet,Filipe,10
France,Chassol,Reich & Darwin,Harey,11
Estonia,Sea Power,"Estatic Vibrations, Totally Transcendent",Moro,12
Japan,Takahiro Nishi,Final Destination,Aijā,13
United States,Henry Mancini,It Had Better Be Tonight,Nebujoosta,14
Germany,C418,Aria Math,Anatheexplorer,15
Brazil,Paulinho Nogueira & Toquinho,Manhã de Carnaval,Erick Araújo,16
Germany,Kai Fenchel & Till Brönner,Memories of U.S.,Jere_dieKralle,17
Japan,Joe Hisashi,Princess Mononoke Theme Song,Jimis,18
Romania,Ramon Tavernier & Cătălin Tîrcolea,Non Stop,Dr_seger,19
Austria,Creo,Flow,Asterios,20
United States,James Horner,Take Her to Sea Mr. Murdoch,Pris0415,21
Russia,PPK,Resurrection [Воскрешение],Beautiful Mess,22
Japan,Tomohito Nishiura,Professor Layton's Theme,MikEGG,23
Israel,Kaveret & the Arabic Voice of Israel Orchestra,HaTmanoon HaIter,Nix,24
Netherlands,David A. Stewart & Candy Dulfer,Lily Was Here,Elendil,25
Israel,Yoni Rechter,Beteavon,IdanTal,26
Portugal,Rodrigo Leão,Cinema,Jorgecosta17,27
Switzerland,Teminite & Panda Eyes,Highscore,Yutohase,28
Netherlands,Atlantic Ocean,Waterfall,Jeremy,29
United States,Chuck Mangione,Feels So Good,Karen,30
Japan,Noriyuki Iwadare,Confrontation Presto 2009,Spoodyboy,31
Japan,Casiopea,Space Road,Autumn Evergreen,32
United States,Jerry Martin,Under Construction,Famicom Guy,33
Japan,Koji Kondo,Gerudo Valley,Jon,34