no,country,artist,title,submitter,ro
5,United States,The Brian Setzer Orchestra,Caravan,Groot's Grandma,1
33,Malaysia,Yusef Kifah,Exolektra,TMG,2
18,United States,Vasudeva,Take Away,Eljest,3
12,France,Space,Magic Fly,David,4
14,India,Jatin-Lalit,Rhythms of Mohabbatein,Ajeeb Aalu,5
29,Portugal,Dead Combo,Povo Que Cais Descalço,Carla,6
3,United States,Joe Satriani,If I Could Fly,Packerp,7
30,Greece,Vangelis,FIFA World Cup 2002 Anthem,Alexistyping ,8
6,United Kingdom,Mike Oldfield,The Song of the Sun,Kriszna,9
16,United States,Pedro Silva,Final Duet,Filipe,10
8,France,Chassol,Reich & Darwin,Harey,11
19,Estonia,Sea Power,"Estatic Vibrations, Totally Transcendent",Moro,12
11,Japan,Takahiro Nishi,Final Destination,Aijā,13
20,United States,Henry Mancini,It Had Better Be Tonight,Nebujoosta,14
1,Germany,C418,Aria Math (Minecraft Volume Beta),Anatheexplorer,15
34,Brazil,Paulinho Nogueira e Toquinho,Manhã de Carnaval,Erick Araújo,16
10,Germany,Kai Fenchel feat. Till Brönner,Memories of U.S.,Jere,17
4,Japan,Joe Hisashi,Princess Mononoke Theme Song,Jimis,18
32,Romania,Ramon Tavernier & Cătălin Tîrcolea,Non Stop,Dr_seger,19
26,Austria,Creo,Flow,Asterios,20
7,United States,James Horner,Take Her to Sea Mr. Murdoch,Pris0415,21
27,Russia,PPK,Resurrection [Воскрешение],Beautiful Mess,22
22,Japan,Tomohito Nishiura,Professor Layton's Theme,MikEGG,23
25,Israel,Kaveret (with the Arabic Voice of Israel Orchestra),HaTmanoon HaIter,Nix,24
23,Netherlands,David A. Stewart ft. Candy Dulfer,Lily Was Here,Elendil,25
21,Israel,Yoni Rechter,Beteavon,IdanTal,26
2,Portugal,Rodrigo Leão,Cinema,Jorgecosta17,27
15,Switzerland,Teminite & Panda Eyes,Highscore,Yutohase,28
17,Netherlands,Atlantic Ocean,Waterfall,Jeremy,29
31,United States,Chuck Mangione,Feels So Good,Karen,30
13,Japan,Noriyuki Iwadare,Confrontation Presto 2009,Spoodyboy,31
24,Japan,Casiopea,Space Road,Autumn Evergreen,32
28,United States,Jerry Martin,Under Construction,Famicom Guy,33
9,Japan,Koji Kondo,Gerudo Valley,Jon,34